tcp.analysis.ack_rtt,ip.dsfield.ecn,throughput
2.18e-05,0,165292.7685
0.00014599,1,4994743.695
4.17e-05,1,426469.8869
1.99e-05,1,1507630.009
2.34e-05,0,120831.1061
0.000186134,1,3831984.914
0.000267066,0,6513507.388
0.000113567,1,437739.705
3.89e-05,1,752947.5535
5.11e-05,1,236962.0368
1.96e-05,1,1790181.735
0.000149967,0,104674.2219
1.1e-05,1,162875.4556
5.94e-05,1,12829635.76
7.64e-06,1,2514164.934
8.68e-06,1,706790.6281
7.36e-06,0,102224.5436
0.000172443,0,3195660.19
2.73e-05,1,419766.7516
0.000150083,1,5072181.581
3.06e-05,1,326014.6607
2.35e-05,1,199075.5074
1.5e-05,0,121787.9736
0.000305537,0,1816728.886
2.88e-05,1,89785.44412
0.000157438,1,4846751.289
0.000235711,1,7955154.091
0.000317845,1,7586219.409
0.000140427,0,1424175.249
0.000164622,0,87010.54974
1.87e-05,1,1413199.62
2.91e-05,1,849203.6652
2.29e-05,1,151821.2017
0.000172491,1,4160962.951
0.000300649,0,4124008.402
0.000190062,0,125174.7972
2.24e-05,1,3989703.805
2.1e-05,1,515104.4472
0.000134178,1,5498415.328
1.99e-05,1,879746.4524
1.13e-05,0,261308.851
0.000179191,0,164629.2382
2.01e-05,1,648635.8602
1.97e-05,1,1509368.913
2.04e-05,1,210203.654
0.000131545,1,5616407.073
2e-05,0,96102.78216
1.32e-05,0,1017268.035
2.35e-05,1,1284853.066
5.26e-05,1,226444.5143
0.000247445,1,3195660.19
5.21e-05,1,2095472.935
1.59e-05,0,175427.1635
1.69e-05,0,87044.74931
0.00018259,1,3760410.483
2.04e-05,1,1648139.607
2.09e-05,1,158774.9148
0.00017923,1,3935707.814
0.000333514,0,3422863.233
7.92e-05,1,144367.902
0.000310612,1,2689872.247
0.000515521,1,3046851.8
9.39e-05,1,1917396.114
0.000260429,0,62782.57391
2.76e-05,1,994016.5955
0.000171326,1,4333188.238
2.06e-05,1,1534141.674
2.21e-05,1,147458.7693
1.38e-05,0,498333.1485
2.11e-05,0,119999.5943
0.000191364,1,3660483.491
0.000290232,1,6321849.507
8.71e-05,1,2514164.934
8.54e-05,1,1104323.078
0.000202675,0,153791.1467
4.66e-05,1,165816.3771
0.000198751,1,4095846.16
0.000284154,1,7290377.983
5.77e-05,1,2519004.52
2.28e-05,0,590085.9345
2.55e-05,0,86201.10202
0.000229689,1,3050402.909
4.63e-05,1,2471431.252
4.48e-05,1,157570.4814
4.55e-05,1,367642.3228
0.000157162,0,139748.3758
4.05e-05,1,1034484.465
4.39e-05,1,1023561.086
4.32e-05,1,501100.0758
4.23e-05,1,1135957.333
5.67e-05,0,415184.198
1.4e-05,0,234447.6511
4.52e-05,1,159054.7369
0.000161194,1,5374221.142
4.25e-05,1,592271.0333
4.1e-05,1,1003545.129
0.000254764,0,108953.6806
3.94e-05,1,929749.8032
4.46e-05,1,1251671.782
1.25e-05,0,68107.77808
1.26e-05,0,437320.7962
0.000181435,0,86187.6829
9.16e-05,0,75542.11052
1.17e-05,0,548302.1817
3.03e-05,0,97546.24992
0.000227563,0,112862.7312
2.28e-05,0,73696.9222
0.000250903,0,2314098.759
0.000197745,0,87343.42386
6.25e-05,0,76528.87249
2.99e-05,0,217393.9837
1.96e-05,0,129130.7587
3.69e-05,0,120765.215
3.41e-05,0,67043.85178
0.000335973,0,1749283.185
2.86e-05,0,69353.39196
0.000204599,0,2996742.235
0.000117181,0,60184.05066
1.94e-05,0,79154.78276
0.000247343,0,2314098.759
0.000118836,0,57246.8014
0.000108829,0,54647.56353
2.64e-05,0,141870.1161
1.41e-05,0,223651.0313
0.000124654,0,69488.31227
2.26e-05,0,71364.80124
1.09e-05,0,323015.2439
4.51e-05,0,82887.66045
8.95e-05,0,108777.0771
3.38e-05,0,142904.5952
1.23e-05,0,311125.669
1.13e-05,0,55933.94065
0.000243585,0,2271376.935
9.87e-06,0,97037.61774
0.000202748,0,2740832.317
1.63e-05,0,27165.91445
1.09e-05,0,139098.8325
1.55e-05,0,87381.33333
1.38e-05,0,263736.1572
0.000175864,0,75017.5303
1.89e-05,0,113831.5349
1.22e-05,0,167379.0728
3.26e-05,0,179624.6664
0.000121073,0,228567.7069
2.96e-05,0,84371.85736
1.33e-05,0,327747.8929
1.18e-05,0,75287.86374
0.000155715,0,93348.19221
1.09e-05,0,279726.2236
1.25e-05,0,96935.67854
0.00015622,0,147737.9928
0.000179218,0,280825.8321
2.17e-05,0,133360.9847
1.24e-05,0,296226.9278
0.000170525,0,72554.87704
3.5e-05,0,34151.04033
0.000394417,0,1465646.931
2.53e-05,0,29005.03604
0.000286085,0,2022458.915
1.37e-05,0,4701894.93
0.000296253,0,4976612.387
0.000154053,0,82658.7232
1.5e-05,0,244436.2596
0.000253014,0,88265.94308
0.000891182,0,305629.6594
0.00024083,0,79231.24439
5.94e-05,0,34023.54451
0.00023081,0,3080100.851
0.000184164,0,145295.4017
1.98e-05,0,163330.0768
0.000222071,0,118143.1055
1.55e-05,0,483324.4243
0.000151581,0,78971.31234
1.15e-05,0,477694.6747
0.000161557,0,70688.26046
1.37e-05,0,302581.2969
0.000117382,0,78218.22174
0.000117803,0,84665.3864
1.4e-05,0,39848.71816
0.000229862,0,2444362.596
0.000125329,0,69799.31014
1.27e-05,0,323912.9022
9.38e-05,0,91485.62449
1.62e-05,0,49827.70867
0.000208173,0,2747633.39
0.000171992,0,104595.1217
4.86e-05,0,31788.25717
6.46e-05,0,127114.712
6.04e-05,0,106552.7575
8.1e-05,0,91218.07859
1.12e-05,0,511217.108
1.41e-05,0,58124.26215
0.000210169,0,2687612.272
4.2e-05,0,79041.77714
4.07e-05,0,105668.1225
0.000110966,0,130048.3007
8.89e-06,0,93379.68089
4.61e-05,0,100558.167
1.18e-05,0,57902.38481
0.000192702,0,2913937.516
9.6e-06,0,105799.3747
5.28e-05,0,98693.90401
2.11e-05,0,90925.95303
1.28e-05,0,888324.3129
0.000222197,0,79664.46678
0.0001899,0,612104.0663
6.58e-05,0,69442.5547
0.000159292,0,55742.46802
9.7e-05,0,99197.87288
1.37e-05,0,155661.2436
5.37e-05,0,86328.79242
0.000102719,0,100819.1073
8.7e-05,0,214613.0935
0.000102787,0,103403.4884
8.52e-05,0,163125.5533
5.11e-05,0,90170.70489
4.72e-05,0,95243.09788
9.1e-05,0,62228.63077
1.13e-05,0,96190.44052
1.21e-05,0,159197.2189
0.000240398,0,54646.21507
4.29e-05,0,125224.3433
1.95e-05,0,605245.2889
3.84e-05,0,44871.5912
0.000469093,0,1225563.095
2.23e-05,0,1313518.69
1.46e-05,0,755833.6218
5.01e-05,0,58879.94555
8.32e-06,0,641724.8658
6.36e-05,0,88957.32123
5.13e-05,0,126947.1202
7.38e-05,0,79484.33393
5.63e-05,0,128233.4981
1.53e-05,0,95222.62166
3.1e-05,0,2455202.341
5.95e-05,0,71224.79375
5.15e-05,0,107504.4909
6.96e-05,0,120989.5385
1.49e-05,0,158309.5655
0.000128062,0,92866.7133
5.28e-05,0,129236.2577
9.5e-05,0,115151.4409
9.69e-05,0,45056.91669
9.48e-05,0,103757.1454
8.96e-05,0,165021.7967
8.64e-05,0,170892.238
8.64e-05,0,160524.247
2.32e-05,0,88925.17314
0.000291803,0,1966778.43
7.41e-05,0,70226.49475
9.89e-05,0,65648.67825
5.36e-05,0,61834.21784
6.01e-05,0,221370.7029
8.05e-05,0,123293.203
0.000188885,0,86874.01977
0.000122042,0,115723.0763
1.95e-05,0,120364.8303
0.000117536,0,98029.85755
7.88e-05,0,92266.99908
0.000130455,0,79684.53195
0.000175847,0,84246.68133
0.000179858,0,82299.32409
0.000123233,0,60823.74381
5.26e-05,0,120019.1043
5.38e-05,0,212839.2611
0.000204789,0,82198.51949
4.02e-05,0,59508.06159
0.000348251,0,1714080.892
7.58e-05,0,64652.08478
2.22e-05,0,415573.7497
5.47e-05,0,88160.52994
2.02e-05,0,334379.0596
7.85e-05,0,77978.60958
2.97e-05,0,73481.73442
9.9e-05,0,789516.0471
3.7e-05,0,28962.92994
0.000169861,0,778963.2473
1.29e-05,0,41932.71566
1.48e-05,0,137024.6573
0.000172191,0,163161.6085
0.000162969,0,799780.6111
1.52e-05,0,68223.17587
1.36e-05,0,72023.95317
0.000210762,0,188556.1951
1.31e-05,0,422470.9103
3e-05,0,128710.4796
1.59e-05,0,964123.8624
0.000101752,0,57670.17817
1.56e-05,0,199710.7505
1.3e-05,0,74885.62243
0.00027999,0,1977314.743
0.000174691,0,69286.12809
1.89e-05,0,163825.4558
0.00029462,0,1912428.767
1.16e-05,0,70910.07371
0.000271914,0,2028015.121
1.19e-05,0,60850.48393
4.76e-05,0,152446.6519
0.000118159,0,105061.5547
9.49e-05,0,51952.81188
4.51e-05,0,147207.6916
5.46e-05,0,151249.3179
0.000136492,0,984700.9835
4.75e-05,0,62766.55931
0.000177009,0,65058.53443
5.12e-05,0,60919.11292
1.28e-05,0,85883.52253
1.14e-05,0,1025749.195
9.1e-05,0,73323.59408
1.42e-05,0,165750.5061
1.54e-05,0,84048.44632
5.18e-05,0,2069712.628
5.77e-05,0,76462.81504
0.000222928,0,98021.17966
0.000163966,0,273981.5059
1.08e-05,0,61354.55082
0.00021781,0,2548437.873
0.000223054,0,95473.03466
1.94e-05,0,66241.69993
0.000284759,0,1987964.553
1.7e-05,0,69944.80803
1.67e-05,0,326973.6471
8.48e-05,0,81734.36103
4.36e-05,0,757384.58
1.56e-05,0,73306.60417
0.000328979,0,1684100.77
9.68e-05,0,58238.90265
4.13e-05,0,80439.95903
4.95e-05,0,106419.6306
0.000821852,0,683516.2074
1.87e-05,0,86288.42829
1.52e-05,0,130623.5999
9.67e-06,0,77539.03967
0.000199032,0,2785650.958
9.72e-05,0,75206.04856
1.3e-05,0,94274.0842
1.18e-05,0,341705.3714
6.54e-05,0,72774.22733
4.45e-05,0,102622.4519
1.15e-05,0,126896.2017
2.88e-05,0,233164.0884
1.35e-05,0,128003.7288
1.05e-05,0,75529.22861
1.18e-05,0,155061.7919
1.4e-05,0,88311.70044
0.000285401,0,1946039.114
1.18e-05,0,97178.13471
1.19e-05,0,374973.3342
1.83e-05,0,74310.1977
0.000320998,0,1743773.631
0.000184841,0,68973.23134
1.11e-05,0,99922.95772
1.35e-05,0,90336.22321
0.000195151,0,111403.6175
1.52e-05,0,275686.8557
1.19e-05,0,102404.1668
0.00026874,0,2056260.457
1.91e-05,0,59142.54272
0.000285739,0,1979081.78
1.69e-05,0,95452.45946
0.000362205,0,1528359.222
0.000197952,0,60423.79504
0.000178458,0,87384.78128
0.000193416,0,91830.83895
0.000173164,0,69595.31479
0.000179726,0,59653.9304
0.00018219,0,57926.61746
0.000173859,0,78520.5117
0.000165419,0,76239.07023
1.19e-05,0,82125.36201
0.00010709,0,1702223.299
5.05e-05,0,117941.7645
4.12e-05,0,265634.2224
0.0001663,0,72915.597
0.00017218,0,160071.7392
4.05e-05,0,102703.3582
8.66e-05,0,151456.197
0.000189984,0,102836.894
0.000167176,0,794330.1693
5.07e-05,0,69044.19367
0.000156389,0,78579.01969
4.07e-05,0,60177.50909
0.000159817,0,60262.66053
1.69e-05,0,57432.37842
1.32e-05,0,1029564.162
0.000181728,0,71597.83104
1.1e-05,0,81227.71831
0.000225872,0,2457927.316
0.000209157,0,25580.34181
1.21e-05,0,3532045.474
0.000384782,0,1415075.088
1.85e-05,0,904653.8039
2.18e-05,0,89561.7144
0.00011626,0,70991.90614
7.97e-05,0,696193.8108
0.000149011,0,63573.77672
0.00012809,0,82971.5077
2.46e-05,0,67351.73845
0.000311267,0,1842423.055
1.85e-05,0,142079.458
9.83e-06,0,1377234.149
0.000178718,0,47452.16439
2.01e-05,0,62230.37941
0.00040192,0,1381529.951
3.02e-05,0,163101.5254
0.000100863,0,82332.98059
9.17e-05,0,68298.92096
2.71e-05,0,88939.45831
1.9e-05,0,428188.8074
0.000176873,0,69057.1116
3.57e-05,0,78370.46189
4.33e-05,0,182391.0815
0.000167235,0,90053.3715
2.21e-05,0,189281.4113
1.51e-05,0,65098.6952
5.05e-05,0,134650.2409
0.000101349,0,106007.0132
0.000176056,0,73459.79739
0.000176516,0,85720.63139
1.79e-05,0,197449.4037
8.16e-05,0,78777.4798
6.03e-05,0,204467.9634
0.000175813,0,102153.813
4.74e-05,0,51982.07901
0.000180253,0,68829.6041
1.53e-05,0,94338.33917
0.000250966,0,2236962.133
0.000166366,0,69933.76423
1e-05,0,67094.63181
0.000194561,0,2861230.636
0.000121905,0,69816.914
8.7e-05,0,976882.4491
5.56e-05,0,88114.92906
1.49e-05,0,242323.2861
1.23e-05,0,60622.28004
0.000264657,0,2091211.059
9.41e-06,0,108383.1308
1.36e-05,0,238230.6919
0.000117198,0,81867.30664
1e-05,0,249925.7998
1.26e-05,0,100672.448
1.37e-05,0,398164.781
0.000123643,0,45858.37224
1.17e-05,0,120162.3718
1.13e-05,0,1202929.121
0.000165666,0,55615.08066
2.57e-05,0,70996.45792
0.000144897,0,510039.731
0.000219968,0,59567.28474
1.65e-05,0,84099.51437
0.000277226,0,2022458.915
1.67e-05,0,45083.51679
0.000244688,0,2316519.364
5.57e-05,0,354164.8028
1.38e-05,0,522309.5547
2.86e-05,0,39446.97301
8.43e-05,0,973447.258
0.00013638,0,162885.5922
1.52e-05,0,113819.8341
9.43e-05,0,135931.286
9.33e-05,0,197802.1179
9.58e-05,0,79515.72698
8.24e-05,0,86727.72712
0.000100951,0,122353.1775
2.75e-05,0,115199.3608
8.56e-05,0,126555.3753
0.000108463,0,78281.81379
2.49e-05,0,139642.6327
0.000110778,0,82329.91977
8.63e-05,0,62395.19094
2.27e-05,0,90079.01208
1.15e-05,0,275036.3279
1.28e-05,0,81263.48569
1.11e-05,0,116680.322
5.08e-05,0,135839.5701
0.000107121,0,149100.6875
1.06e-05,0,131703.3905
1.06e-05,0,1090932.272
0.000111237,0,51471.02942
9.13e-05,0,990425.9893
1.01e-05,0,60213.50532
0.000217035,0,2548437.873
0.000112406,0,104619.8277
1.77e-05,0,100108.1508
1.31e-05,0,119649.4955
0.000118719,0,106506.6374
1.37e-05,0,83099.15617
0.000288967,0,1917396.114
9.57e-05,0,56980.20151
3.21e-05,0,183920.9793
1.5e-05,0,127370.5937
1.29e-05,0,1106742.885
4.97e-05,0,66099.3467
1.09e-05,0,85535.22506
0.000257867,0,2135576.193
0.000187369,0,88202.66497
9.82e-06,0,504348.1011
0.000159591,0,72903.59522
0.000215652,0,71590.88744
1.29e-05,0,285348.8612
0.000162503,0,98627.97328
0.000164691,0,60633.89859
1.21e-05,0,33576.81654
0.000339149,0,1614134.484
1.22e-05,0,82825.66056
9.54e-06,0,170971.3975
0.000165924,0,94507.42594
1.25e-05,0,589771.641
1.28e-05,0,84211.44239
0.000209716,0,115874.4512
0.00017443,0,69050.65203
0.00018073,0,91064.29179
2.6e-05,0,166774.0426
0.000157892,0,141870.1161
0.000164576,0,59288.2101
2.52e-05,0,89021.68718
1.51e-05,0,496434.0982
7.31e-05,0,74148.47531
2.7e-05,0,110762.8545
0.000244524,0,693143.1962
0.000175565,0,59829.59643
0.000107463,0,30388.91955
0.000371085,0,2996742.235
6.84e-05,0,33144.14763
0.000214237,0,5620793.178
7.92e-05,0,52783.69034
0.000118252,0,135789.5954
0.001550518,0,200143.9234
7.59e-05,0,83233.45405
0.000257921,0,98808.39299
0.000116947,0,163595.5169
0.000175974,0,54951.30424
1.22e-05,0,408295.0796
3.3e-05,0,140297.2767
1.31e-05,0,229064.182
0.000178201,0,77754.10828
1.24e-05,0,126859.8563
0.000180578,0,176686.8128
1.26e-05,0,46097.00912
0.000300808,0,1833271.947
0.00018319,0,153439.5144
9.69e-06,0,286308.0171
0.000183378,0,92424.87843
1.42e-05,0,69342.53411
0.000293592,0,1889584.055
2.96e-05,0,143395.0085
1.64e-05,0,152069.801
1.89e-05,0,95071.37083
0.001296417,0,413324.4703
2.47e-05,0,188395.79
1.28e-05,0,404639.5966
1.59e-05,0,23417.74273
0.000301058,0,1850119.058
5.2e-05,0,95006.11377
1.44e-05,0,167315.8441
1.62e-05,0,88843.1224
0.000209094,0,2730693.603
4.37e-05,0,142106.809
1.4e-05,0,171767.0451
1.51e-05,0,97847.9438
0.000200024,0,2853856.33
9.95e-06,0,55885.94928
1.67e-05,0,123320.6656
9.47e-05,0,79367.54155
1.1e-05,0,339869.9374
4.4e-05,0,132594.4505
1.3e-05,0,1140366.896
5.78e-05,0,74153.44088
0.000206963,0,64557.85075
2.6e-05,0,129206.0975
4.99e-05,0,151383.7249
1.43e-05,0,56018.83267
0.000319571,0,1728799.775
1.4e-05,0,67509.83148
0.00021797,0,2590166.681
0.000182181,0,59698.95708
1.84e-05,0,87685.79791
1.42e-05,0,704162.9609
0.000159965,0,68840.3019
5.57e-05,0,93810.84051
5e-05,0,386693.297
0.000133609,0,79943.41607
1.26e-05,0,297420.4287
1.68e-05,0,72771.83596
0.000278308,0,2018771.661
0.000159507,0,87734.43119
9.36e-06,0,423359.3026
0.000159015,0,82107.09299
0.000172715,0,74260.36188
4.66e-05,0,85684.14888
0.000211795,0,682252.7763
2.48e-05,0,73216.931
0.000241349,0,389002.7247
1.42e-05,0,74437.58233
1.39e-05,0,167455.0104
0.000184633,0,79767.76688
1.43e-05,0,76215.45624
1.32e-05,0,1068818.78
0.000174079,0,61427.72972
1.45e-05,0,71023.78089
0.000177677,0,779786.0958
0.000166695,0,73684.66185
2.41e-05,0,137526.7038
0.000171817,0,93434.83723
9.68e-06,0,92979.7847
0.000100839,0,110025.4626
1.32e-05,0,56566.85854
0.000252193,0,2205769.434
0.000156545,0,94745.97895
0.000352055,0,56945.03759
1.62e-05,0,79736.17455
0.00030591,0,1821210.947
1.09e-05,0,81625.90808
0.000284287,0,1930769.409
0.000160682,0,55266.71438
0.000173063,0,80536.494
0.000161294,0,74502.69174
1.12e-05,0,81433.8118
0.000263722,0,2093187.629
1.42e-05,0,78648.78585
1.61e-05,0,482166.887
0.000180306,0,75234.15247
0.000156582,0,69916.1014
3.27e-05,0,77430.59725
0.000171108,0,717160.7876
1.54e-05,0,64835.68557
0.000283191,0,1972032.513
2.87e-05,0,83721.17466
1.19e-05,0,541995.2305
1.59e-05,0,67830.33208
0.000274617,0,2037343.617
0.000180973,0,91428.97003
1.56e-05,0,146914.7215
0.000177886,0,119565.5173
1.53e-05,0,138654.6777
0.000166901,0,69799.31014
0.000152665,0,86180.9749
1.08e-05,0,300691.4477
2.2e-05,0,116379.8682
1.3e-05,0,314126.5974
1.42e-05,0,75969.6927
1.2e-05,0,260601.6136
5.92e-05,0,125458.4473
1.04e-05,0,142061.2298
1.83e-05,0,29568.50758
0.000334377,0,1668871.524
4.26e-05,0,115331.3463
0.000183552,0,345328.6312
0.000214105,0,62555.5763
3.33e-05,0,120417.1884
1.32e-05,0,330141.9964
0.00020149,0,69944.80803
2.12e-05,0,166160.9028
2.5e-05,0,134315.4119
0.000182129,0,572246.1271
0.00022038,0,52510.8482
0.00022903,0,78127.16122
2.15e-05,0,345113.3726
7.18e-05,0,196468.4627
0.000170912,0,109384.1999
0.000138052,0,77601.53171
1.63e-05,0,172234.602
4.33e-05,0,106108.5962
0.000165845,0,151208.0098
0.000243206,0,103606.6672
1.83e-05,0,277552.6397
0.000103557,0,71470.74524
1.16e-05,0,224945.9128
6.05e-05,0,69353.39196
3.82e-05,0,71844.03932
0.000226236,0,2810396.589
0.000512472,0,32991.57572
9.16e-05,0,97675.31919
0.000413099,0,1640438.898
0.00014006,0,136922.9944
0.000113058,0,112747.8114
3.4e-05,0,377465.9131
2.77e-05,0,119173.0351
8.39e-05,0,141489.427
3.61e-05,0,70282.21238
3.78e-05,0,356101.0632
1.29e-05,0,179261.1714
0.000123125,0,108633.0085
6.67e-05,0,82698.85029
1.44e-05,0,71546.94253
0.000216323,0,2614631.065
6.3e-05,0,72865.21607
1.52e-05,0,265921.2911
0.000101124,0,85760.46594
0.000131875,0,55641.62991
2.01e-05,0,62846.71412
0.000317115,0,1777361.567
0.000124411,0,98883.39489
1.1e-05,0,460797.4432
2.66e-05,0,49508.01467
5.24e-05,0,432284.3084
0.000230287,0,125252.673
0.000177752,0,348699.8129
1.41e-05,0,63303.01029
0.000267101,0,2087269.097
0.000172367,0,94459.05361
0.000114682,0,43166.9203
1.46e-05,0,404935.548
1e-05,0,82652.55326
0.000312968,0,1742401.662
9.79e-06,0,57383.2693
0.0001807,0,3084390.685
1.33e-05,0,73057.51697
0.000275395,0,2015097.827
8.68e-05,0,93596.74198
8.53e-05,0,139713.1103
8.92e-06,0,120286.3784
1.55e-05,0,200669.8543
1.25e-05,0,56893.83461
1.36e-05,0,129606.8656
1.39e-05,0,411252.0914
1.05e-05,0,146187.3729
5.94e-05,0,81725.31227
1.33e-05,0,273947.6141
7.88e-05,0,187122.3077
1.77e-05,0,131219.5599
5.63e-05,0,81840.07805
5.36e-05,0,1081344.0
5.58e-05,0,89175.82798
6.16e-05,0,68309.45441
9.69e-05,0,98570.90453
5.32e-05,0,290438.3622
1.58e-05,0,68558.99053
0.000206282,0,2771705.272
6.38e-05,0,73137.13712
0.000109299,0,52683.23608
5.13e-05,0,284944.9964
4.78e-05,0,154758.3866
1.11e-05,0,326010.9689
1.1e-05,0,62613.94193
8.71e-05,0,183875.1671
7.18e-05,0,138368.7918
4.04e-05,0,153153.0091
0.000105587,0,123685.703
5e-05,0,305587.4861
0.000171545,0,68030.36623
0.00017718,0,633283.5322
9.17e-05,0,88006.37864
1.29e-05,0,444875.9566
0.00015832,0,79934.7595
1.1e-05,0,464859.8892
4.89e-05,0,54841.08048
0.000151934,0,83956.04337
5.72e-05,0,61986.52313
2.69e-05,0,203043.2302
0.000227318,0,151394.0738
8.03e-05,0,67224.97987
0.000162718,0,76981.1079
8.27e-05,0,87113.22917
1.16e-05,0,143441.4478
0.00015255,0,92552.34504
0.000146505,0,695975.0195
1.24e-05,0,60899.01037
1.05e-05,0,276099.3033
0.0001654,0,70869.2282
5.51e-05,0,94306.20074
9.82e-06,0,222103.3509
9.05e-06,0,61722.19933
0.000253907,0,2156370.508
1.06e-05,0,85393.40295
0.000200894,0,2771705.272
5.29e-05,0,53207.25847
2.02e-05,0,155497.2976
1.48e-05,0,128411.9513
1.25e-05,0,166485.6797
2.16e-05,0,63203.64485
0.000228251,0,2551373.862
4.94e-05,0,90683.94054
1.22e-05,0,883363.5868
2.21e-05,0,90284.66354
1.37e-05,0,143098.5081
9.17e-06,0,80466.26379
0.00028077,0,1942625.011
1.94e-05,0,71697.50427
1.12e-05,0,658908.8105
4.66e-05,0,78218.22174
0.000157429,0,238281.9574
1.07e-05,0,89312.4904
1.22e-05,0,449937.5278
0.000170177,0,77770.49136
1.03e-05,0,176560.0344
2.9e-05,0,126115.7467
2.82e-05,0,451589.0114
0.000182165,0,67598.44058
9.88e-06,0,344362.0762
1.71e-05,0,86918.34499
1.15e-05,0,70889.64507
0.000153904,0,121394.097
2.69e-05,0,111252.5124
9.56e-06,0,123087.6229
8.93e-05,0,76417.96108
0.000182757,0,161084.7041
1.46e-05,0,87953.9502
0.000267635,0,2085303.684
0.000185469,0,65765.65041
0.000118633,0,103908.0614
1.55e-05,0,371763.0539
9.16e-05,0,64820.50379
1.74e-05,0,322216.2828
0.000133762,0,71160.7118
8.91e-05,0,148750.1687
8.43e-05,0,107771.3033
7.7e-05,0,114787.3587
2.13e-05,0,117031.7873
0.000120921,0,137543.7868
7.02e-05,0,24060.15071
0.000547322,0,1105637.799
4.44e-05,0,105607.6544
1.53e-05,0,997115.0437
1.66e-05,0,69863.16641
0.000219543,0,2599286.986
8.77e-06,0,80437.03734
1.2e-05,0,1078710.43
6.4e-05,0,75596.26257
0.000199534,0,74741.56301
6.16e-05,0,80320.34354
4.84e-05,0,118789.4927
1.35e-05,0,218315.5079
4.41e-05,0,53177.87278
0.000416848,0,1415979.867
0.000213154,0,107949.9153
1.39e-05,0,141924.6675
0.000203708,0,120423.7364
0.000161407,0,830679.862
1.24e-05,0,67664.53335
1.47e-05,0,502289.0705
0.000179469,0,73442.74431
1.76e-05,0,56579.86541
0.000297314,0,1886365.002
0.00012827,0,48938.02647
0.000371866,0,128285.4957
4.47e-05,0,278495.0342
0.50461146,1,75392.35766
0.000297288,0,2872363.829
0.504474271,1,4551731.645
0.503941789,1,6728138.036
0.500271223,1,6306616.135
0.498469822,1,5689664.557
0.49854551,1,8230332.377
0.495199261,1,9056213.481
0.495262767,1,9839269.534
0.489999292,1,9448540.419
0.490067969,1,9087658.667
0.486832708,1,5829055.002
0.486955425,1,5082030.478
0.482853045,1,5640615.724
0.480314372,1,5777584.318
0.480414639,1,6202004.019
0.479331276,1,6202004.019
0.475458987,1,5842066.286
0.471862952,1,5829055.002
0.4719689,1,5881451.002
0.472072967,1,5989120.586
0.468226248,1,5101843.462
0.468347912,1,5121811.538
0.466737283,1,919622.5214
0.463576309,1,163577856.0
0.461315535,1,436207616.0
0.461316372,1,654311424.0
0.45961212,1,654311424.0
0.456667761,1,523449139.2
0.45198308,1,523449139.2
0.451984066,1,523449139.2
0.451985147,1,523449139.2
0.448946751,1,436207616.0
0.444003824,1,872415232.0
0.444004935,1,523449139.2
0.44400579,1,872415232.0
0.444006753,1,523449139.2
0.437518074,1,654311424.0
0.437518958,1,523449139.2
0.434201378,1,872415232.0
0.434202112,1,654311424.0
0.430255471,1,436207616.0
0.427932053,1,654311424.0
0.425725112,1,523449139.2
0.42572604,1,523449139.2
0.422742412,1,654311424.0
0.420658889,1,654311424.0
0.420659695,1,872415232.0
0.420660719,1,523449139.2
0.413908943,1,523449139.2
0.412358638,1,654311424.0
0.412359953,1,436207616.0
0.412360922,1,654311424.0
0.40937789,1,523449139.2
0.40805843,1,654311424.0
0.404821106,1,654311424.0
0.404822089,1,523449139.2
0.39947934,1,654311424.0
0.399480226,1,523449139.2
0.396466865,1,654311424.0
0.396468079,1,436207616.0
0.392209521,1,654311424.0
0.391643973,1,654311424.0
0.389731753,1,523449139.2
0.38715608,1,654311424.0
0.380743794,1,523449139.2
0.380744781,1,523449139.2
0.3807457,1,872415232.0
0.380801115,3,194345.1174
0.377452095,3,201326592.0
0.376796266,3,523449139.2
0.374188063,3,523449139.2
0.374189691,3,373892242.3
0.368063604,3,373892242.3
0.368064729,3,373892242.3
0.365894623,3,436207616.0
0.365895601,3,523449139.2
0.36012399,3,523449139.2
0.36012541,3,373892242.3
0.357167277,3,373892242.3
0.357168601,3,436207616.0
0.351373464,3,436207616.0
0.351374767,3,436207616.0
0.351375801,3,654311424.0
0.351377496,3,327155712.0
0.345590553,3,373892242.3
0.33843396,3,872415232.0
0.338435492,3,327155712.0
0.338436917,3,523449139.2
0.335009786,3,436207616.0
0.334764358,3,523449139.2
0.333087833,3,436207616.0
0.330897014,3,373892242.3
0.323909673,3,436207616.0
0.323910948,3,436207616.0
0.32164573,3,523449139.2
0.321647095,3,436207616.0
0.315745325,3,654311424.0
0.313385259,3,373892242.3
0.313386133,3,523449139.2
0.313387391,3,523449139.2
0.309549994,3,436207616.0
0.309551271,3,436207616.0
0.306922289,3,124630747.4
0.306923592,3,373892242.3
0.30189671,3,523449139.2
0.298918447,3,436207616.0
0.298919536,3,523449139.2
0.298920645,3,654311424.0
0.294756885,3,373892242.3
0.29218847,3,654311424.0
0.289041665,3,654311424.0
0.289042598,3,654311424.0
0.286010551,3,436207616.0
0.281521326,3,523449139.2
0.281522503,3,436207616.0
0.281523481,3,654311424.0
0.276151474,3,523449139.2
0.276152541,3,523449139.2
0.276153622,3,523449139.2
0.273364429,3,523449139.2
0.26818326,3,654311424.0
0.26818421,3,872415232.0
0.268185079,3,654311424.0
0.265565089,3,654311424.0
0.26241545,3,523449139.2
0.261958034,3,654311424.0
0.258250076,3,523449139.2
0.258251067,3,523449139.2
0.254742144,3,872415232.0
0.252055918,3,654311424.0
0.252056847,3,523449139.2
0.252057681,3,872415232.0
0.24726771,3,654311424.0
0.244090382,3,523449139.2
0.24410218,3,51318543.06
0.241669555,3,654311424.0
0.23421683,3,872415232.0
0.234217529,3,872415232.0
0.23365524,3,523449139.2
0.232833146,3,436207616.0
0.23001424,3,654311424.0
0.228599174,3,654311424.0
0.225143595,3,523449139.2
0.225144351,3,654311424.0
0.220838304,3,654311424.0
0.220316789,3,523449139.2
0.220317615,3,654311424.0
0.214103557,3,523449139.2
0.210068687,3,523449139.2
0.209318171,3,872415232.0
0.206913456,3,654311424.0
0.206914299,3,654311424.0
0.196550723,3,654311424.0
0.196551351,3,872415232.0
0.196552159,3,654311424.0
0.196558011,3,100663296.0
0.195903749,3,523449139.2
0.201146009,3,119030.6393
0.199397247,3,118965713.5
0.196659751,3,654311424.0
0.193674056,3,654311424.0
0.191417367,3,654311424.0
0.189120987,3,654311424.0
0.189121586,3,654311424.0
0.183833917,3,654311424.0
0.183834893,3,523449139.2
0.180509822,3,872415232.0
0.178057601,3,654311424.0
0.174464599,3,872415232.0
0.174056637,3,654311424.0
0.173316471,3,436207616.0
0.169564209,3,523449139.2
0.169103441,3,654311424.0
0.167788103,3,654311424.0
0.167788698,3,654311424.0
0.164960883,3,523449139.2
0.160394384,3,654311424.0
0.160395315,3,654311424.0
0.011731766,0,442918502.4
0.160397452,3,523449139.2
0.156659691,3,654311424.0
0.153020176,3,872415232.0
0.152437824,3,654311424.0
0.137414554,3,872415232.0
0.137415337,3,523449139.2
0.13393803,3,872415232.0
0.00554741,0,553648128.0
0.133939957,3,523449139.2
0.133527907,3,654311424.0
0.129169609,3,436207616.0
0.127193479,3,872415232.0
0.125972139,3,872415232.0
0.123067378,3,523449139.2
0.123068161,3,654311424.0
0.120503092,3,523449139.2
0.11901905,3,654311424.0
0.119019926,3,654311424.0
0.11618817,3,654311424.0
0.113345319,3,523449139.2
0.113065072,3,523449139.2
0.109439112,3,523449139.2
0.109439747,3,872415232.0
0.105125392,3,872415232.0
0.105126215,3,523449139.2
0.102433362,3,654311424.0
0.102434314,3,523449139.2
0.098433262,3,654311424.0
0.098434432,3,523449139.2
0.095465634,3,654311424.0
0.095466444,3,654311424.0
0.092793072,3,654311424.0
0.091756103,3,654311424.0
0.088786008,3,872415232.0
0.088786662,3,654311424.0
0.082199192,3,436207616.0
0.082199641,3,654311424.0
0.082200563,3,872415232.0
0.079926933,3,523449139.2
0.076440051,3,523449139.2
0.076440993,3,523449139.2
0.074866439,3,654311424.0
0.071347914,3,872415232.0
0.067429197,3,523449139.2
0.067430143,3,872415232.0
0.065710671,3,523449139.2
0.065711772,3,523449139.2
0.062074042,3,373892242.3
0.059278279,3,872415232.0
0.059279295,3,523449139.2
0.058178096,3,523449139.2
0.053564521,3,654311424.0
0.049311712,3,872415232.0
0.049312777,3,523449139.2
0.049313437,3,654311424.0
0.045634989,3,872415232.0
0.042532628,3,523449139.2
0.042533365,3,872415232.0
0.042534617,3,436207616.0
0.036316781,3,654311424.0
0.030158226,3,654311424.0
0.030159133,3,523449139.2
0.030160026,3,872415232.0
0.025493142,3,523449139.2
0.024630888,3,523449139.2
0.024631761,3,654311424.0
0.02223094,3,523449139.2
0.018955324,3,654311424.0
0.01895613,3,654311424.0
0.016212485,3,872415232.0
0.016213153,3,654311424.0
0.008817939,3,523449139.2
0.008818661,3,654311424.0
0.008819664,3,654311424.0
0.008820695,3,523449139.2
0.000240457,1,523449139.2
0.003831546,1,173730.2155
0.003919953,1,7035606.71
0.004071008,1,4128147.785
0.004129217,0,9113549.432
8.76e-06,0,2499540.081
0.000146088,1,4535954.412
0.000241539,1,6526797.247
3.68e-05,1,488839.3157
4.56e-05,1,327237.5214
1.52e-05,0,75557.57462
0.000172505,0,83686.37388
4.91e-05,1,302957.02
0.000166302,1,5308814.799
0.000234641,1,9119322.983
6.35e-05,1,281787.8656
0.000151543,0,5985385.168
6.18e-05,1,242449.8097
0.000154484,0,5707712.66
0.000226002,1,8695168.425
2.39e-05,1,384549.7643
5.57e-05,1,257882.1259
0.000172012,0,4538099.41
2.17e-05,1,259647.3905
0.000125537,1,6002857.101
0.00019266,1,9281013.106
0.000133647,0,186586.2762
5.82e-05,1,276869.3215
0.000162919,1,5961835.298
2.16e-05,1,443600.9654
0.000123071,1,6143769.239
0.000174914,0,199189.8284
5.48e-05,1,237585.8475
0.000164418,1,5702060.34
0.000227353,0,8388608.0
2.18e-05,1,556150.8066
0.000124989,1,6058439.111
1.47e-05,0,927383.799
0.000114445,0,50468.14138
2.56e-05,1,364011.9188
2.54e-05,1,221819.281
2.25e-05,1,71528.98869
2.42e-05,1,154136.9668
1.36e-05,0,127583.3916
1.24e-05,0,648679.7047
2.06e-05,1,208628.5927
0.00012214,1,6143769.239
5.1e-05,1,1257082.467
2.1e-05,1,640226.4423
1.45e-05,0,1110628.14
1.17e-05,0,188043.8577
2.28e-05,1,168604.3739
2.18e-05,1,147608.4652
1.92e-05,1,1232805.321
2.3e-05,1,255241.4371
1.35e-05,0,53876.47517
1.25e-05,0,422068.327
2.14e-05,1,1309277.487
2e-05,1,1227601.171
2.26e-05,1,490120.9169
0.000151522,1,4828866.598
0.041986954,0,25320.33559
0.000177045,0,135391.1177
1.27e-05,0,321234.7711
5.33e-05,1,1217323.58
2.37e-05,1,1223012.007
6.14e-05,1,1081953.574
0.000184599,0,103153.0352
2.5e-05,0,49706.92236
2.77e-05,1,493633.6658
0.000137055,1,5702060.34
2.23e-05,1,104115.1124
2.22e-05,1,379036.3064
1.41e-05,0,209496.974
1.29e-05,0,118681.2707
3.02e-05,1,51430.47999
0.000162261,1,4732813.193
2.01e-05,1,1510239.871
4.5e-05,1,2814242.684
0.000182088,0,367018.9778
2.08e-05,1,391042.2376
2.01e-05,1,1267431.33
2.16e-05,1,1260715.653
2.36e-05,1,404207.8295
1.34e-05,0,166348.1193
0.00017741,1,3804136.186
0.000271832,1,6609206.303
0.000344825,0,7237230.431
4.39e-05,1,3223208.985
1.35e-05,1,4496985.732
1.72e-05,0,36932.65033
1.29e-05,0,1155238.66
0.040847298,0,12229.43951
6.29e-05,1,366509.69
0.000124109,1,160863.288
0.000338737,1,2904823.192
9.33e-05,1,897854.4412
0.000252809,0,3320228.654
0.000275266,0,118522.4786
7.77e-05,1,755119.9354
5.57e-05,1,916081.7977
5.58e-05,1,924495.124
9.58e-05,1,201233.7149
0.000255079,0,127863.309
0.000212546,0,529426.8496
3.47e-05,1,1002392.07
0.000167523,1,4690404.473
3.1e-05,1,657599.4211
2.93e-05,1,347114.8138
3.76e-05,0,121360.8347
4.03e-05,0,80355.31611
0.000315995,1,2262096.539
0.000486289,1,3670751.327
0.000672057,1,3351146.858
0.000798377,1,4938199.426
0.000333095,0,186006.4263
8.68e-05,1,290805.0773
4.05e-05,1,893562.887
2.84e-05,1,983557.195
0.00011237,1,106413.7303
0.000313092,0,2633284.794
0.000225554,0,903178.0228
3.29e-05,1,870384.3352
4.25e-05,1,215819.716
3.55e-05,1,269125.5214
3.44e-05,0,129115.7015
0.000269664,1,2649034.105
8.01e-05,1,254101.5239
0.000228957,0,3560438.122
3.39e-05,1,572576.175
3.51e-05,1,1210007.257
4.53e-05,1,342168.3483
0.000333366,0,131726.8922
0.000172998,0,592929.7221
3.61e-05,1,992132.561
0.000182099,1,4262615.14
2.8e-05,1,1081059.767
2.9e-05,1,855309.051
0.00023121,0,653464.8899
0.00027363,0,96387.20891
4.76e-05,1,798671.253
0.00024455,1,3164746.912
7.25e-05,1,161968.2961
8.16e-05,1,1231645.033
4.84e-05,0,138576.5917
2.7e-05,0,428769.1214
6.22e-05,1,141549.2534
0.000279213,1,2872937.098
0.00040154,1,5101843.462
0.000522069,1,5172422.324
1.48e-05,0,201564.805
1.26e-05,0,1169885.109
4.16e-05,1,3123204.888
4.28e-05,1,253461.7176
4.24e-05,1,268904.3148
0.000152157,1,5702060.34
0.000187218,0,267236.9388
1.77e-05,0,132697.7358
0.00018364,1,3755015.346
2.08e-05,1,1710618.102
2.06e-05,1,184170.41
2.01e-05,1,1187498.047
1.09e-05,0,175914.887
1.04e-05,0,93206.75556
0.000170351,1,3900515.195
0.000249786,1,7836064.958
0.000338796,1,6997983.144
4.04e-05,1,183692.146
0.000172912,0,151414.7759
1.94e-05,1,325487.5881
0.000129196,1,5689664.557
2.23e-05,1,172778.3005
0.000138738,1,5341317.747
1.31e-05,0,361153.3777
3.06e-05,0,58817.39382
0.000241482,1,2954001.914
0.000363987,1,5091917.696
0.000451044,1,7150944.525
3.72e-05,1,4318887.287
2.29e-05,0,327311.9291
2.11e-05,0,108034.173
0.000191302,1,3660483.491
4.9e-05,1,1563468.158
5.4e-05,1,403211.4768
5.71e-05,1,99590.77991
1.48e-05,0,949246.6832
1.77e-05,0,261988.9403
5.7e-05,1,1078387.184
5.01e-05,1,105457.5589
0.000152655,1,6072495.814
0.00023527,1,7542494.801
5.79e-06,0,4026531.84
0.000118512,0,120019.1043
9.93e-05,1,155723.5495
8.05e-05,1,129772.1983
0.000123102,1,116074.4055
0.000486952,1,1709500.781
0.000679091,0,2747633.39
4.84e-05,1,3560878.498
3.63e-05,1,795515.4091
7.83e-05,1,301560.7439
0.000250108,1,3624994.039
2.86e-05,0,177068.2427
2.66e-05,0,742902.5535
6.19e-05,1,152059.3595
0.000213843,1,4102265.981
0.000282328,1,9087658.667
0.000112454,1,2080481.475
2.09e-05,0,227300.8839
1.33e-05,0,1037765.938
0.000159401,1,4262615.14
5.77e-05,1,400864.7107
4.19e-05,1,529592.4112
4.31e-05,1,1056192.775
1.5e-05,0,231192.4535
0.000283711,0,1963291.234
4.53e-05,1,817633.7694
4.31e-05,1,429338.2047
4.76e-05,1,175866.5298
0.000158033,1,5652798.479
6.72e-05,1,71955.72804
0.000172449,0,5021751.728
4.56e-05,1,761934.7004
4.39e-05,1,290999.0767
4.44e-05,1,1719609.524
1.54e-05,0,266144.996
1.34e-05,0,161519.4014
4.33e-05,1,1193998.949
4.42e-05,1,317126.5838
4.61e-05,1,471575.8011
0.000167792,1,5111808.0
2.66e-05,0,101331.1605
1.27e-05,0,1048079.75
5.09e-05,1,351827.6241
4.37e-05,1,1319841.501
5.06e-05,1,1289283.594
5.98e-05,1,384889.0729
1.52e-05,0,1074523.295
5.9e-05,1,90131.74792
0.000143203,1,7393349.424
5.73e-05,1,1539556.292
4.81e-05,1,940778.4673
5.43e-05,1,167568.0707
0.0001284,1,8415581.016
5.39e-05,1,490948.3579
8.18e-05,1,170560.1627
8.27e-05,1,138897.5055
0.000255428,1,3600062.856
0.000365258,1,5665033.974
6.26e-05,1,230107.763
6.07e-05,1,114962.9138
7.03e-05,1,157163.6159
0.000553084,1,1291191.759
0.000138175,1,564304.8072
7.56e-05,1,127471.5418
2.19e-05,1,993639.2164
0.000129306,1,5803205.534
2.03e-05,1,1603704.471
2.76e-05,1,52481.36547
0.000149674,1,5111808.0
0.000226755,1,8077918.815
5.17e-05,1,2625121.059
1.66e-05,1,90032.53168
0.0001616,1,4297611.98
1.85e-05,1,223543.3632
9.35e-05,1,70858.93697
7.16e-05,1,131744.9761
5.62e-05,1,365945.9866
6.43e-05,1,1296307.923
7.16e-05,1,88462.30298
0.000221603,1,4154358.248
4.8e-05,1,2781345.054
0.000132412,1,538417.1356
5.12e-05,1,91942.86854
0.000236811,1,3359750.573
0.000381987,1,4297611.98
6.03e-05,1,182819.6211
5.3e-05,1,217415.3261
2.11e-05,1,198833.5255
0.000137237,1,5374221.142
2.02e-05,1,340167.1037
2.57e-05,1,67479.13412
4.77e-05,1,1167891.877
5.06e-05,1,1171551.341
5.28e-05,1,415765.7976
4.45e-05,1,96491.87789
0.000190468,1,4269568.835
0.000271498,1,7697781.459
0.000353033,1,7652765.193
6.2e-05,1,69400.8723
0.000242215,1,3457391.937
4.25e-05,1,1017591.639
0.000140993,1,6337156.649
1.89e-05,1,66557.63029
0.000135538,1,5341317.747
0.000214663,1,7883270.169
2.05e-05,1,1756540.736
5.52e-05,1,69694.71669
0.000253897,1,3138184.288
4.77e-05,1,2808203.536
4.71e-05,1,319215.2331
4.56e-05,1,216677.3488
5.25e-05,1,149702.322
0.000184165,1,4732813.193
0.000269164,1,7331220.437
3.69e-05,1,102826.6097
0.000184772,1,4221364.026
4.23e-05,1,1114670.228
4.14e-05,1,562123.2165
5.51e-05,1,103452.5355
4.27e-05,1,142002.3708
0.000156543,1,5475409.406
4.16e-05,1,668688.2207
6.09e-05,1,77104.81075
3.97e-05,1,1291191.759
3.72e-05,1,4255684.059
3.86e-05,1,401972.9221
4.75e-05,1,103756.0236
3.96e-05,1,1331931.652
4.01e-05,1,355266.1458
0.000144056,1,5989120.586
6.61e-05,1,67929.24021
4.27e-05,1,1088704.532
0.000142742,1,6216735.62
4.18e-05,1,1347012.71
4.16e-05,1,90703.36843
0.000158395,1,5341317.747
1.52e-05,1,5714510.253
3.88e-05,1,1208331.346
4.14e-05,1,71785.99786
0.000160853,1,5213636.845
4.23e-05,1,1286115.821
0.000138107,1,6510561.433
6.21e-05,1,63319.43911
0.000168178,1,5868263.892
0.000287117,1,5244981.355
4.93e-05,1,2105587.849
7.03e-05,1,94930.9284
4.22e-05,1,1066087.86
4.17e-05,1,465536.4098
3.85e-05,1,309184.3705
4.38e-05,1,94037.28428
0.000158574,1,5429970.324
4.13e-05,1,1439629.096
4.42e-05,1,1876161.789
6.92e-05,1,96088.02761
0.000171511,1,6086617.898
0.000257426,1,7290377.983
3.84e-05,1,349105.7351
6.25e-05,1,91627.42249
0.000175231,1,5533288.998
0.000256829,1,7630453.924
3.48e-05,1,2709364.075
4.98e-05,1,56112.29329
0.000174345,1,5004293.874
0.000261501,1,7150944.525
1.06e-05,1,3489660.928
3.62e-05,1,75385.84296
0.000143927,1,5790366.584
0.000222519,1,7931047.564
0.000399511,1,3522537.949
8.82e-05,1,104522.5917
0.000228721,1,4443541.08
4.73e-05,1,189820.5466
0.00018702,1,4466289.584
4.78e-05,1,107294.9492
4.44e-05,1,182069.2658
0.000159472,1,5418728.149
0.000245428,1,7249988.078
4.37e-05,1,93925.91767
0.000166625,1,5082030.478
0.000257307,1,6869411.276
4.09e-05,1,1014829.661
3.99e-05,1,77669.99128
0.000151174,1,5604380.505
4.47e-05,1,1251671.782
4.79e-05,1,346425.6381
6.3e-05,1,83663.5136
3.99e-05,1,1274218.937
3.87e-05,1,403958.28
5.21e-05,1,410741.6347
5.69e-05,1,139884.8582
5.77e-05,1,851690.7569
4.5e-05,1,365741.4332
0.000157475,1,5533288.998
6.91e-05,1,248811.2649
4.24e-05,1,1124246.433
4.24e-05,1,407480.2578
4.75e-05,1,177128.1603
3.75e-05,1,94889.62715
0.000143113,1,5908003.828
0.000226659,1,7477844.846
0.000372125,1,4283544.511
6.27e-05,1,89717.73262
0.000172833,1,5652798.479
3.84e-05,1,1362439.196
3.86e-05,1,420103.643
5.93e-05,1,110320.5908
6.09e-05,1,199546.0274
0.000192645,1,4732813.193
4.4e-05,1,269763.5226
6.44e-05,1,152600.1805
4.06e-05,1,371451.2768
3.89e-05,1,504480.6662
5.38e-05,1,167922.86
4.32e-05,1,175489.1844
0.000143182,1,6246409.776
4.04e-05,1,1564402.687
0.000131964,1,6815744.0
6.5e-05,1,69783.91404
0.000160782,1,6526797.247
0.000246334,1,7290377.983
3.62e-05,1,2362135.105
5.59e-05,1,45866.70106
0.000177497,1,5131854.306
1.94e-05,1,1655436.873
1.93e-05,1,472001.0272
6.06e-05,1,90318.36897
0.00018206,1,5131854.306
0.000282813,1,6187342.071
6.53e-05,1,1223012.007
1.63e-05,1,134197.0823
0.000125595,1,5702060.34
0.000198351,1,8553090.51
0.00029467,1,6478330.931
5.12e-05,1,57689.24564
1.84e-05,1,1086896.053
1.88e-05,1,92655.70489
0.000182511,1,3804136.186
8.59e-05,1,98958.1706
0.000237867,1,4108705.959
5.07e-05,1,1770802.23
8.14e-05,1,215216.3223
5.2e-05,1,362198.408
0.000203291,1,4121646.765
4.73e-05,1,1031630.152
4.69e-05,1,1076612.791
6.44e-05,1,128183.2548
0.000197482,1,4682013.767
4.75e-05,1,1356788.852
5.07e-05,1,367384.292
6.36e-05,1,104090.2679
4.76e-05,1,180275.9124
4.79e-05,1,230472.4988
0.000139968,1,6762908.775
4.86e-05,1,55566.66941
0.000139301,1,6887488.674
2.96e-05,1,2729140.455
0.000154978,1,128007.7128
6.86e-05,1,172938.1324
0.000186695,1,5266087.92
0.000274404,1,7131459.662
3.06e-05,1,8753330.087
2.25e-05,1,277574.0477
4.7e-05,1,222820.1682
0.000158395,1,5592405.333
0.000236298,1,8003809.468
0.000171372,1,226522.9095
0.000610893,1,1417792.901
0.000710031,1,6291456.0
5.97e-05,1,228680.2705
6.89e-05,1,48473.79653
0.000211476,1,4383996.141
0.000289929,1,7931047.564
0.00036976,1,7836064.958
4.18e-05,1,27143.93852
0.000130135,1,7073637.016
0.000186696,1,10950818.81
4.17e-05,1,15486660.92
4.32e-05,1,327155712.0
4.51e-05,1,14459920.97
0.000305836,1,18562026.21
0.000150153,1,20771791.24
0.000178655,1,21810380.8
0.000169856,1,19387005.16
0.000198087,1,21810380.8
0.00023202,1,18431307.72
5.57e-05,1,59976.29809
0.002917764,1,218012.9693
0.003065509,1,4221364.026
0.005710553,1,235915.4224
3.66e-05,1,197632.3866
0.000129823,1,6693723.008
3.79e-05,1,354880.7723
2.83e-05,1,237607.4168
4.55e-05,1,47196.69809
0.000125335,1,7789421.714
0.000160366,1,17804392.49
0.00022259,1,10027761.29
1.05e-05,1,8753330.087
5.68e-05,1,13421772.8
0.000126212,1,8993971.464
3.15e-05,1,36164.78784
0.000107824,1,8178892.8
0.000142614,1,17926340.38
1.81e-05,1,8637774.574
5.35e-05,1,17565407.36
8.76e-05,1,18431307.72
0.000136926,1,12582912.0
0.000205723,1,9056213.481
3.24e-05,1,125365.0283
4.9e-05,1,124719.833
0.000126132,1,8102927.851
8.21e-06,1,3665610.218
2.48e-05,1,256241.0119
1.92e-05,1,103215.9047
8.98e-05,1,8842046.27
8.92e-05,1,129068.2363
0.000412888,1,1925861.439
7.85e-05,1,163967.2783
0.000274392,1,3183997.197
0.00035469,1,7766307.703
7.64e-05,1,434037.4289
7.74e-05,1,77184.39635
0.000190445,1,5521615.392
0.0002797,1,6979321.856
3.88e-05,1,2729140.455
6.02e-05,1,57460.00342
0.000205077,1,4297611.98
0.000334869,1,4802285.681
0.00044069,1,5894697.514
4.59e-05,1,75108.92774
0.00015992,1,5463978.489
0.000247719,1,7112080.696
4.07e-05,1,1554183.905
8.16e-05,1,103986.8766
4.49e-05,1,711788.3318
4.29e-05,1,1652301.576
4.42e-05,1,407036.6557
7.39e-05,1,81891.29212
0.000184001,1,5652798.479
0.000289949,1,5881451.002
4.24e-05,1,774333.0462
4.12e-05,1,59573.57103
0.000150962,1,5677322.551
0.000294801,1,4333188.238
3.93e-05,1,4038959.407
8.4e-05,1,86056.80781
4.52e-05,1,178383.7034
0.000156158,1,5604380.505
0.000246802,1,6887488.674
7.53e-05,1,138295.6775
4.6e-05,1,96349.79002
0.000162942,1,5319605.073
4.44e-05,1,241198.5712
0.000180042,1,4599728.815
4.39e-05,1,134972.1879
0.000160626,1,5341317.747
0.000246929,1,7229960.486
0.000412424,1,3765821.145
5.21e-05,1,132639.6562
6.84e-05,1,116487.7023
0.000223099,1,4020346.691
0.000335298,1,5568607.864
5.57e-05,1,72357.57087
4.46e-05,1,1192910.527
4.36e-05,1,1614587.104
4.22e-05,1,1279826.746
4.27e-05,1,116239.3718
4.37e-05,1,429690.6413
4.58e-05,1,384041.9216
4.32e-05,1,554971.5216
8.34e-05,1,100810.6346
4.3e-05,1,1300817.94
4.3e-05,1,243850.3397
7.72e-05,1,1410153.931
8.92e-05,1,130217.7071
4.5e-05,1,232354.9091
0.000156272,1,5616407.073
0.000247758,1,6815744.0
5.19e-05,1,87977.60247
0.000171553,1,5213636.845
0.000263688,1,6762908.775
0.000432964,1,3681076.928
4.41e-05,1,88036.78886
0.000159527,1,5396382.878
0.000251804,1,6762908.775
4.03e-05,1,2502146.937
4.52e-05,1,95996.39437
0.000157024,1,5568607.864
4.22e-05,1,1449997.616
4.33e-05,1,1303409.211
4.43e-05,1,76740.82088
0.000160094,1,5374221.142
4.24e-05,1,1773201.691
8.43e-05,1,204968.7286
7.23e-05,1,131032.6272
0.000203599,1,4749992.189
0.000280735,1,8077918.815
2.02e-05,1,1607644.776
5.56e-05,1,107400.6195
0.000192965,1,4535954.412
4.55e-05,1,231881.4296
0.000172736,1,4892048.03
2.19e-05,1,98864.71862
0.000137639,1,5374221.142
0.000281427,1,4347584.213
5.7e-05,1,239806.276
7.37e-05,1,215269.4272
0.000202924,1,4828866.598
0.000342691,1,4458680.913
4.03e-05,1,3630021.77
4.84e-05,1,48131.48383
2.04e-05,1,296908.1901
2.32e-05,1,161210.0829
0.000170578,1,4228183.677
3.88e-05,1,79876.8753
0.000145208,1,5855135.785
4.1e-05,1,154829.9631
0.000141244,1,6202004.019
5.09e-05,1,47636.52026
5.12e-05,1,1117048.953
2.21e-05,1,302187.4721
0.000132601,1,5640615.724
4.37e-05,1,130211.2287
0.000155629,1,5568607.864
0.000247448,1,6798040.769
0.000384425,1,4543829.333
6.05e-05,1,98730.45743
2.24e-05,1,1214499.163
2.13e-05,1,467532.2787
1.99e-05,1,1244529.575
0.000134611,1,70759.31913
4.45e-05,1,1252270.668
4.3e-05,1,1291191.759
5.72e-05,1,362800.9005
1.93e-05,1,103673.8244
0.000123664,1,5975446.795
0.000235639,1,5568607.864
2.66e-05,1,349012.6278
5.49e-05,1,92111.1317
2.13e-05,1,615098.871
1.91e-05,1,1235132.466
6.45e-05,1,227309.8572
2.04e-05,1,139008.1632
0.00013285,1,5545012.068
2.17e-05,1,1570975.808
2.01e-05,1,496348.5105
4.43e-05,1,55097.58949
0.000152577,1,5764858.361
0.00022929,1,8102927.851
5.04e-05,1,1610612.736
5.28e-05,1,217632.2714
1.15e-05,1,3787620.399
1.87e-05,1,202965.9322
0.000122122,1,6030520.037
4.68e-05,1,121292.3207
0.000154355,1,5803205.534
1.83e-05,1,1185346.783
6.19e-05,1,56562.19087
4.82e-05,1,183601.9429
1.78e-05,1,1280452.885
1.84e-05,1,179879.4293
0.00012045,1,6100805.818
4.73e-05,1,148918.674
2.02e-05,1,1085543.632
1.92e-05,1,1058328.223
4.45e-05,1,2885607.162
2.21e-05,1,137114.7158
0.000163906,1,4391351.839
3.52e-05,1,862070.3874
6.24e-05,1,417756.6953
0.000101865,1,103604.0573
8.28e-05,1,824589.0662
6.93e-05,1,1022761.116
0.000258079,1,3300435.934
0.000111354,1,87871.26728
8.33e-05,1,189298.8352
0.000244884,1,3848890.729
6.39e-05,1,302536.7814
0.00016897,1,113163.5116
0.00033191,1,3826382.596
4.63e-05,1,2291808.841
4.72e-05,1,495690.4727
9.03e-05,1,76418.16392
0.00018226,1,6780429.264
1.76e-05,1,1730982.603
6.01e-05,1,307621.732
4.14e-05,1,78619.57633
0.000166014,1,4994743.695
0.000165185,1,1008184.012
9.34e-05,1,440095.1229
5.92e-05,1,206342.2971
0.000112737,1,446248.2005
6.73e-05,1,153630.2944
0.000194571,1,4901209.169
6.49e-05,1,108459.8937
0.000195133,1,4784727.049
4.6e-05,1,700172.7384
4.18e-05,1,1049837.824
3.31e-05,1,100582.0566
0.000121582,1,7035606.71
2.89e-05,1,1951711.928
3.6e-05,1,188196.2822
2.3e-05,1,79272.04071
0.000143647,1,5162220.308
1.91e-05,1,2049526.778
0.000121645,1,6072495.814
4.37e-05,1,81240.55426
0.000164954,1,5131854.306
0.000253441,1,7073637.016
4.08e-05,1,256567.5616
2.11e-05,1,97050.04806
0.000142412,1,5141936.534
0.000219553,1,8077918.815
1.1e-05,1,4504725.811
5.67e-05,1,70037.88424
0.000193371,1,4559661.491
0.00032285,1,4811113.412
3.99e-05,1,4057745.265
1.83e-05,1,73933.49424
0.000137758,1,5224043.305
2.13e-05,1,463886.1567
2.03e-05,1,452341.1158
5.11e-05,1,102376.1274
0.000166166,1,5429970.324
4.38e-05,1,1694010.159
4.3e-05,1,388834.6005
2.92e-05,1,83240.43305
0.001115041,1,574587.4195
0.001198816,1,7414293.756
5.79e-05,1,1474504.617
3.94e-05,1,104468.3549
0.000153852,1,5452595.2
0.000249802,1,6494406.194
7.43e-05,1,306361.4299
8e-05,1,93922.54705
4.31e-05,1,1088251.849
1.14e-05,1,4496985.732
5.57e-05,1,129023.6971
3.92e-05,1,529164.1116
4.36e-05,1,1227601.171
4.17e-05,1,220140.104
7.61e-05,1,68873.07429
5.22e-05,1,199257.3807
2.58e-05,1,169917.9183
0.000150402,1,5004293.874
0.000231977,1,7652765.193
3.77e-05,1,116799.6116
0.000153747,1,5363208.393
0.000247606,1,6659658.26
1.25e-05,1,2930846.244
8.23e-05,1,107427.0696
5.98e-05,1,128693.7944
0.000190331,1,4767296.35
0.000285426,1,6559513.023
3.92e-05,1,93339.71812
0.000155667,1,5341317.747
0.000243714,1,7092806.764
3.99e-05,1,178310.7846
4.44e-05,1,100082.0502
0.000157939,1,5498415.328
0.000249057,1,6833539.676
0.000440488,1,3259334.615
8.08e-05,1,92013.98172
0.000223421,1,4376665.043
1.89e-05,1,1489610.527
0.000122763,1,6002857.101
4.33e-05,1,86586.35313
0.000173624,1,4784727.049
4.42e-05,1,457800.5415
4.16e-05,1,428494.7112
8.9e-05,1,95373.72261
0.000253379,1,3787620.399
5.78e-05,1,405963.3467
3.51e-05,1,2405556.706
0.000103249,1,90181.43808
7.37e-05,1,474482.541
0.000252551,1,3485014.242
4.57e-05,1,592271.0333
6.15e-05,1,84566.40589
2.1e-05,1,321845.2651
0.000133267,1,5545012.068
0.000214762,1,7652765.193
5.91e-05,1,159949.0128
4.51e-05,1,219236.5301
0.000161755,1,5341317.747
0.000256103,1,6609206.303
6.65e-05,1,204744.246
4.53e-05,1,215464.3695
4.11e-05,1,1119916.858
4.38e-05,1,205032.957
5.46e-05,1,103146.7524
2.08e-05,1,216695.2886
2.04e-05,1,512281.4046
2.11e-05,1,1129096.504
4.1e-05,1,99322.44302
0.000157028,1,5385279.21
4.35e-05,1,1161671.414
4.16e-05,1,276313.9459
4.83e-05,1,111121.5427
1.91e-05,1,300867.4211
1.83e-05,1,1095540.266
4.48e-05,1,421864.2321
4.75e-05,1,151698.0059
0.000172808,1,4966310.619
7.92e-05,1,925148.7084
3.84e-05,1,471405.9251
5.6e-05,1,60187.32197
0.00020212,1,4262615.14
0.000313582,1,5604380.505
0.000398053,1,7372523.087
6.72e-05,1,123460.8093
4.52e-05,1,663770.1486
4.39e-05,1,1155516.864
4.84e-05,1,453595.4412
5.37e-05,1,87258.97499
0.000165618,1,5568607.864
0.000237207,1,8724152.32
1.8e-05,1,1696205.895
6.24e-05,1,170693.6474
4.35e-05,1,227033.8043
0.000156252,1,5533288.998
0.000243002,1,7190235.429
4.88e-05,1,79137.81132
5.14e-05,1,1217323.58
4.39e-05,1,648153.9614
4.15e-05,1,484675.1289
5.53e-05,1,86635.07766
4.41e-05,1,1189116.627
7.15e-05,1,1131048.27
5.05e-05,1,133601.1075
4.46e-05,1,138120.518
0.000169986,1,4975752.274
0.000338053,1,3712405.243
0.000420195,1,7608272.372
3.77e-05,1,91775.21902
4.1e-05,1,1010909.886
4.04e-05,1,1065653.785
4.25e-05,1,1203884.865
6.04e-05,1,115266.7003
0.000197116,1,4559661.491
0.000313553,1,5363208.393
0.000417182,1,6016656.772
5.94e-05,1,83802.81438
2.13e-05,1,368730.022
2.27e-05,1,456284.1172
5.56e-05,1,68244.52285
5.18e-05,1,170149.8957
0.000159695,1,5777584.318
4.12e-05,1,3247203.097
4.57e-05,1,165826.8831
4.11e-05,1,118117.4157
0.00014809,1,5829055.002
0.000227682,1,7836064.958
5.86e-05,1,111410.0841
4.24e-05,1,165942.5372
0.000169028,1,4919634.767
0.000325604,1,3983631.196
3.88e-05,1,2536090.791
4.43e-05,1,66681.41901
0.000161465,1,5330439.299
5.11e-05,1,1318511.686
4.6e-05,1,186082.1682
4.97e-05,1,110019.1557
0.000180555,1,4758628.538
4.14e-05,1,1374603.832
0.000142058,1,6187342.071
4.28e-05,1,78980.19482
0.000158242,1,5396382.878
0.000252025,1,6642755.574
1.02e-05,1,3517803.355
5.43e-05,1,100154.8177
4.53e-05,1,135996.139
0.000161518,1,5363208.393
0.000251728,1,6905661.467
4.4e-05,1,70635.19003
0.000219535,1,3556040.348
4.24e-05,1,2829454.806
4.62e-05,1,199439.5867
5.45e-05,1,160724.9875
4.24e-05,1,1152463.979
4.23e-05,1,1400345.477
4.55e-05,1,1326531.017
5.12e-05,1,116726.6834
0.000172135,1,5152058.457
0.000248054,1,8204531.962
0.00034857,1,6202004.019
4.78e-05,1,98230.20928
0.000186728,1,4489272.206
4.47e-05,1,117155.1341
0.000169537,1,4985229.897
8.66e-05,1,144919.4738
4.5e-05,1,1098759.738
4.6e-05,1,1284222.618
4.28e-05,1,1761268.974
5.68e-05,1,108694.1192
0.000251424,1,3207408.941
0.000418441,1,3733588.725
0.000508686,1,6905661.467
5.77e-05,1,58809.2238
0.000203775,1,4269568.835
0.000314489,1,5628485.368
0.000392826,1,7955154.091
4.69e-05,1,85433.1874
0.000167621,1,5162220.308
4.25e-05,1,1565338.335
4.51e-05,1,516222.0308
6.69e-05,1,89582.61555
5e-05,1,1054065.927
4.79e-05,1,1363148.8
4.78e-05,1,1098759.738
5.24e-05,1,116783.9764
0.000184265,1,4724270.209
0.000357218,1,3605021.62
4.11e-05,1,4128147.785
0.000101317,1,101141.7744
5.13e-05,1,1056192.775
4.81e-05,1,375879.0315
